question,gt_answer,gt_query,generated_answer,generated_sql,user_input,retrieved_contexts,response,reference,answer_relevancy,faithfulness,context_precision,context_recall,data_compare_score(mode=rows),llm_sql_equivalence_with_reference
"In 2010, what was the number of male inmates?","In 2010, the number of male inmates was 10,156.",SELECT number_of_population FROM convicted_penal_population_by_offence_group WHERE year = 2019 AND population_by_main_offence_group = 'Traffic Offences';,"In 2010, there were a total of 10,156 male inmates in the convicted penal population.","SELECT number_of_population
FROM convicted_penal_population_by_gender
WHERE year = 2010 AND population_by_gender = 'Male'
ORDER BY number_of_population DESC;","In 2010, what was the number of male inmates?","['[(10156,)]']","In 2010, there were a total of 10,156 male inmates in the convicted penal population.","In 2010, the number of male inmates was 10,156.",,0.0,0.9999999999,1.0,,0
How many female inmates were there in 2022?,"In 2022, there were 464 female inmates.",SELECT number_of_population FROM convicted_penal_population_by_education_level WHERE year = 2011 AND population_by_education_level = 'Vocational';,"In 2022, there were 464 female inmates in the convicted penal population.","SELECT number_of_population
FROM convicted_penal_population_by_gender
WHERE year = 2022 AND population_by_gender = 'Female'",How many female inmates were there in 2022?,"['[(464,)]']","In 2022, there were 464 female inmates in the convicted penal population.","In 2022, there were 464 female inmates.",,0.0,0.9999999999,1.0,,0
What was the population of inmates with a Primary education level in 2006?,"In 2006, 4,740 inmates were recorded to have a Primary education level.",SELECT number_of_population FROM convicted_penal_population_by_education_level WHERE year = 2006 AND population_by_education_level = 'Primary';,"In 2006, there were 4,740 inmates with a Primary education level.","SELECT number_of_population
FROM convicted_penal_population_by_education_level
WHERE year = 2006 AND population_by_education_level = 'Primary';",What was the population of inmates with a Primary education level in 2006?,"['[(4740,)]']","In 2006, there were 4,740 inmates with a Primary education level.","In 2006, 4,740 inmates were recorded to have a Primary education level.",,0.0,0.9999999999,1.0,1.0,1
How many inmates had 'No Education' in 2022?,"In 2022, 64 inmates had no formal education.",SELECT number_of_population FROM convicted_penal_population_by_education_level WHERE year = 2022 AND population_by_education_level = 'No Education';,"In 2022, there were 64 inmates who had 'No Education'.","SELECT number_of_population
FROM convicted_penal_population_by_education_level
WHERE year = 2022 AND population_by_education_level = 'No Education';",How many inmates had 'No Education' in 2022?,"['[(64,)]']","In 2022, there were 64 inmates who had 'No Education'.","In 2022, 64 inmates had no formal education.",,0.0,0.9999999999,1.0,1.0,1
Did the number of inmates with 'Secondary' education increase or decrease from 2020 to 2021?,"It decreased from 3,426 in 2020 to 2,938 in 2021.","SELECT year, number_of_population FROM convicted_penal_population_by_education_level WHERE year IN (2020, 2021) AND population_by_education_level = 'Secondary';","The number of inmates with 'Secondary' education decreased from 3,426 in 2020 to 2,938 in 2021.","SELECT cp2020.number_of_population AS population_2020, cp2021.number_of_population AS population_2021
FROM convicted_penal_population_by_education_level cp2020
JOIN convicted_penal_population_by_education_level cp2021 ON cp2020.year = 2020 AND cp2021.year = 2021
WHERE cp2020.population_by_education_level = 'Secondary' AND cp2021.population_by_education_level = 'Secondary'",Did the number of inmates with 'Secondary' education increase or decrease from 2020 to 2021?,"['[(3426, 2938)]']","The number of inmates with 'Secondary' education decreased from 3,426 in 2020 to 2,938 in 2021.","It decreased from 3,426 in 2020 to 2,938 in 2021.",0.9745463273793943,0.0,0.9999999999,1.0,0.6666666666666666,0
"In 2015, which was the most common main offence group?","In 2015, the most common main offence group was Drug Offences with 6,675 cases.",SELECT population_by_main_offence_group FROM convicted_penal_population_by_offence_group WHERE year = 2015 ORDER BY number_of_population DESC LIMIT 1;,"In 2015, the most common main offence group among convicted penal population was Drug Offences, with a total population of 6,675.","SELECT population_by_main_offence_group, SUM(number_of_population) AS total_population
FROM convicted_penal_population_by_offence_group
WHERE year = 2015
GROUP BY population_by_main_offence_group
ORDER BY total_population DESC
LIMIT 1;","In 2015, which was the most common main offence group?","[""[('Drug Offences', 6675)]""]","In 2015, the most common main offence group among convicted penal population was Drug Offences, with a total population of 6,675.","In 2015, the most common main offence group was Drug Offences with 6,675 cases.",0.9568474272145178,0.5,0.9999999999,1.0,,0
How many 'Drug Offences' were recorded in 2022?,"In 2022, there were 2,867 Drug Offences.",SELECT number_of_population FROM convicted_penal_population_by_offence_group WHERE year = 2022 AND population_by_main_offence_group = 'Drug Offences';,"There were 2,867 drug offences recorded in 2022.","SELECT number_of_population
FROM convicted_penal_population_by_offence_group
WHERE year = 2022 AND population_by_main_offence_group = 'Drug Offences';",How many 'Drug Offences' were recorded in 2022?,"[""[('2867',)]""]","There were 2,867 drug offences recorded in 2022.","In 2022, there were 2,867 Drug Offences.",0.9879748324443268,0.0,0.9999999999,1.0,1.0,1
What value is listed for 'Customs Offences' in 2008?,"In 2008, the value for Customs Offences was not available (na).",SELECT number_of_population FROM convicted_penal_population_by_offence_group WHERE year = 2008 AND population_by_main_offence_group = 'Customs Offences';,The value listed for 'Customs Offences' in 2008 is 'na'.,"SELECT number_of_population
FROM convicted_penal_population_by_offence_group
WHERE year = 2008 AND population_by_main_offence_group = 'Customs Offences';",What value is listed for 'Customs Offences' in 2008?,"[""[('na',)]""]",The value listed for 'Customs Offences' in 2008 is 'na'.,"In 2008, the value for Customs Offences was not available (na).",,1.0,0.9999999999,1.0,1.0,1
"In the 2006-2020 data, which age group had the highest population in 2006?","In 2006, the 31‚Äì40 age group had the highest population with 4,003 inmates.",SELECT population_by_age_group FROM convicted_penal_population_by_age_group_2006_2020 WHERE year = 2006 ORDER BY number_of_population DESC LIMIT 1;,"In 2006, the age group of 31-40 had the highest population with 4003 individuals.","SELECT population_by_age_group, MAX(number_of_population) 
FROM convicted_penal_population_by_age_group_2006_2020 
WHERE year = 2006;","In the 2006-2020 data, which age group had the highest population in 2006?","[""[('31-40', 4003)]""]","In 2006, the age group of 31-40 had the highest population with 4003 individuals.","In 2006, the 31‚Äì40 age group had the highest population with 4,003 inmates.",,0.0,0.9999999999,1.0,1.0,0
How many inmates were 'Below 21' in 2020 according to the 2006-2020 file?,"In 2020, there were 263 inmates in the 'Below 21' age group.",SELECT number_of_population FROM convicted_penal_population_by_age_group_2006_2020 WHERE year = 2020 AND population_by_age_group = 'Below 21';,"In 2020, there were 263 inmates who were below the age of 21 according to the data from 2006-2020.","SELECT number_of_population
FROM convicted_penal_population_by_age_group_2006_2020
WHERE population_by_age_group = 'Below 21' AND year = 2020
ORDER BY number_of_population DESC;",How many inmates were 'Below 21' in 2020 according to the 2006-2020 file?,"['[(263,)]']","In 2020, there were 263 inmates who were below the age of 21 according to the data from 2006-2020.","In 2020, there were 263 inmates in the 'Below 21' age group.",,0.0,0.9999999999,1.0,1.0,0
"According to the '2020-onwards' data, how many inmates were '19 & below' in 2020?","In 2020, there were 164 inmates aged 19 and below.",SELECT number_of_population FROM convicted_penal_population_by_age_group_2020_onwards WHERE year = 2020 AND population_by_age_group = '19 & below';,"In 2020, there were 164 inmates who were 19 years old and below according to the data from 2020 onwards.","SELECT number_of_population
FROM convicted_penal_population_by_age_group_2020_onwards
WHERE year = 2020 AND population_by_age_group = '19 & below';","According to the '2020-onwards' data, how many inmates were '19 & below' in 2020?","['[(164,)]']","In 2020, there were 164 inmates who were 19 years old and below according to the data from 2020 onwards.","In 2020, there were 164 inmates aged 19 and below.",0.9656896855892617,0.0,0.9999999999,1.0,1.0,1
"In 2021, what was the total number of inmates aged 60 and above?","In 2021, the total number of inmates aged 60 and above was 787.",SELECT number_of_population FROM convicted_penal_population_by_age_group_2020_onwards WHERE year = 2021 AND population_by_age_group = '60 years and over';,The total number of inmates aged 60 and above in 2021 was not available in the query results.,"SELECT SUM(number_of_population) AS total_inmates_60_and_above
FROM convicted_penal_population_by_age_group_2020_onwards
WHERE year = 2021 AND population_by_age_group = '60 and above';","In 2021, what was the total number of inmates aged 60 and above?","['[(None,)]']",The total number of inmates aged 60 and above in 2021 was not available in the query results.,"In 2021, the total number of inmates aged 60 and above was 787.",,1.0,0.0,0.0,,0
"In 2012, how many male inmates were convicted for 'Drug Offences'?","In 2012, 5,802 male inmates were convicted for Drug Offences.",SELECT number_of_population FROM convicted_penal_population_by_gender_and_offence_group WHERE year = 2012 AND population_by_gender = 'Male' AND population_by_main_offence_group = 'Drug Offences';,"In 2012, there were 5,802 male inmates convicted for 'Drug Offences'.","SELECT number_of_population
FROM convicted_penal_population_by_gender_and_offence_group
WHERE year = 2012
AND population_by_main_offence_group = 'Drug Offences'
AND population_by_gender = 'Male';","In 2012, how many male inmates were convicted for 'Drug Offences'?","['[(5802,)]']","In 2012, there were 5,802 male inmates convicted for 'Drug Offences'.","In 2012, 5,802 male inmates were convicted for Drug Offences.",,0.0,0.9999999999,1.0,1.0,1
How many female inmates were convicted for 'Commercial Crimes' in 2020?,"In 2020, 67 female inmates were convicted for Commercial Crimes.",SELECT number_of_population FROM convicted_penal_population_by_gender_and_offence_group WHERE year = 2020 AND population_by_gender = 'Female' AND population_by_main_offence_group = 'Commercial Crimes';,"There was an error in the SQL query as there is no column named 'population_by_age_group' in the database. Unfortunately, the specific number of female inmates convicted for 'Commercial Crimes' in 2020 cannot be determined from the query results.","SELECT number_of_population
FROM convicted_penal_population_by_gender
WHERE year = 2020 AND population_by_gender = 'Female' AND population_by_age_group = 'Commercial Crimes'",How many female inmates were convicted for 'Commercial Crimes' in 2020?,"['Error: Statement ""SELECT number_of_population\\nFROM convicted_penal_population_by_gender\\nWHERE year = 2020 AND population_by_gender = \'Female\' AND population_by_age_group = \'Commercial Crimes\'"" is invalid SQL.\nError: no such column: population_by_age_group']","There was an error in the SQL query as there is no column named 'population_by_age_group' in the database. Unfortunately, the specific number of female inmates convicted for 'Commercial Crimes' in 2020 cannot be determined from the query results.","In 2020, 67 female inmates were convicted for Commercial Crimes.",0.0,1.0,0.0,0.0,,0
"In 2018, which offence was most common among female inmates?","In 2018, Drug Offences were most common among female inmates with 609 cases.",SELECT population_by_main_offence_group FROM convicted_penal_population_by_gender_and_offence_group WHERE year = 2018 AND population_by_gender = 'Female' ORDER BY number_of_population DESC LIMIT 1;,"In 2018, the most common offence among female inmates was drug offences, with a total of 609 female inmates convicted for this type of offence.","SELECT population_by_main_offence_group, number_of_population
FROM convicted_penal_population_by_gender_and_offence_group
WHERE year = 2018 AND population_by_gender = 'Female'
ORDER BY number_of_population DESC
LIMIT 1;","In 2018, which offence was most common among female inmates?","[""[('Drug Offences', 609)]""]","In 2018, the most common offence among female inmates was drug offences, with a total of 609 female inmates convicted for this type of offence.","In 2018, Drug Offences were most common among female inmates with 609 cases.",0.9847686154803584,0.0,0.9999999999,1.0,1.0,0
"In 2014, how many inmates aged 'Below 21' were convicted for 'Property Crimes'?","In 2014, 91 inmates aged 'Below 21' were convicted for Property Crimes.",SELECT number_of_population FROM convicted_penal_population_by_age_group_and_offence_group_2006_2020 WHERE year = 2014 AND population_by_age_group = 'Below 21' AND population_by_main_offence_group = 'Property Crimes';,"In 2014, a total of 91 inmates aged below 21 were convicted for property crimes.","SELECT cp.year, cp.population_by_age_group, cp.population_by_main_offence_group, cp.number_of_population
FROM convicted_penal_population_by_age_group_and_offence_group_2006_2020 cp
WHERE cp.year = 2014
AND cp.population_by_age_group = 'Below 21'
AND cp.population_by_main_offence_group = 'Property Crimes'","In 2014, how many inmates aged 'Below 21' were convicted for 'Property Crimes'?","[""[(2014, 'Below 21', 'Property Crimes', 91)]""]","In 2014, a total of 91 inmates aged below 21 were convicted for property crimes.","In 2014, 91 inmates aged 'Below 21' were convicted for Property Crimes.",0.9818241836379805,0.0,0.9999999999,1.0,1.0,0
What was the number of inmates aged '>50-60 yrs' for 'Drug Offences' in 2016?,"In 2016, 1,865 inmates aged '>50‚Äì60 yrs' were convicted for Drug Offences.",SELECT number_of_population FROM convicted_penal_population_by_age_group_and_offence_group_2006_2020 WHERE year = 2016 AND population_by_age_group = '>50-60 yrs' AND population_by_main_offence_group = 'Drug Offences';,"In 2016, there were 1,865 inmates aged '>50-60 yrs' who were convicted for 'Drug Offences'.","SELECT number_of_population
FROM convicted_penal_population_by_age_group_and_offence_group_2006_2020
WHERE year = 2016
AND population_by_age_group = '>50-60 yrs'
AND population_by_main_offence_group = 'Drug Offences';",What was the number of inmates aged '>50-60 yrs' for 'Drug Offences' in 2016?,"['[(1865,)]']","In 2016, there were 1,865 inmates aged '>50-60 yrs' who were convicted for 'Drug Offences'.","In 2016, 1,865 inmates aged '>50‚Äì60 yrs' were convicted for Drug Offences.",0.98704351574695,0.0,0.9999999999,0.0,1.0,1
"According to the '2020-onwards' data, how many inmates aged '20-29' were convicted for 'Crimes Against Person' in 2020?","In 2020, 161 inmates aged 20‚Äì29 were convicted for Crimes Against Person.",SELECT number_of_population FROM convicted_penal_population_by_age_group_and_offence_group_2020_onwards WHERE year = 2020 AND population_by_age_group = '20-29' AND population_by_main_offence_group = 'Crimes Against Person';,"In 2020, there were 161 inmates aged 20-29 who were convicted for Crimes Against Person.","SELECT number_of_population
FROM convicted_penal_population_by_age_group_and_offence_group_2020_onwards
WHERE year = 2020
AND population_by_age_group = '20-29'
AND population_by_main_offence_group = 'Crimes Against Person';","According to the '2020-onwards' data, how many inmates aged '20-29' were convicted for 'Crimes Against Person' in 2020?","['[(161,)]']","In 2020, there were 161 inmates aged 20-29 who were convicted for Crimes Against Person.","In 2020, 161 inmates aged 20‚Äì29 were convicted for Crimes Against Person.",0.9812397834913869,0.0,0.9999999999,1.0,1.0,1
"In 2022, which offence had the highest number of cases for the '65 & above' age group?","In 2022, Drug Offences had the highest number of cases (450) for the '65 & above' age group.",SELECT population_by_main_offence_group FROM convicted_penal_population_by_age_group_and_offence_group_2020_onwards WHERE year = 2022 AND population_by_age_group = '65 & above' ORDER BY number_of_population DESC LIMIT 1;,"In 2022, the offence with the highest number of cases for the '65 & above' age group was Drug Offences, with 450 cases.","SELECT population_by_main_offence_group, number_of_population
FROM convicted_penal_population_by_age_group_and_offence_group_2020_onwards
WHERE year = 2022 AND population_by_age_group = '65 & above'
ORDER BY number_of_population DESC
LIMIT 1;","In 2022, which offence had the highest number of cases for the '65 & above' age group?","[""[('Drug Offences', 450)]""]","In 2022, the offence with the highest number of cases for the '65 & above' age group was Drug Offences, with 450 cases.","In 2022, Drug Offences had the highest number of cases (450) for the '65 & above' age group.",0.9841330740045623,0.5,0.9999999999,1.0,1.0,0
What was the total number of female inmates in 2006?,"In 2006, there were 1,329 female inmates.",SELECT number_of_population FROM convicted_penal_population_by_gender WHERE year = 2006 AND population_by_gender = 'Female';,"The total number of female inmates in 2006 was 1,329.","SELECT SUM(number_of_population) 
FROM convicted_penal_population_by_gender 
WHERE year = 2006 AND population_by_gender = 'Female';",What was the total number of female inmates in 2006?,"['[(1329,)]']","The total number of female inmates in 2006 was 1,329.","In 2006, there were 1,329 female inmates.",,0.0,0.9999999999,1.0,1.0,0
How many inmates had a 'Vocational' education in 2011?,"In 2011, 612 inmates had a Vocational education.",SELECT number_of_population FROM convicted_penal_population_by_education_level WHERE year = 2011 AND population_by_education_level = 'Vocational';,"In 2011, there were 612 inmates who had a 'Vocational' education.","SELECT number_of_population
FROM convicted_penal_population_by_education_level
WHERE year = 2011 AND population_by_education_level = 'Vocational'",How many inmates had a 'Vocational' education in 2011?,"['[(612,)]']","In 2011, there were 612 inmates who had a 'Vocational' education.","In 2011, 612 inmates had a Vocational education.",,0.0,0.9999999999,1.0,1.0,1
"In 2019, how many inmates were convicted for 'Traffic Offences'?","In 2019, there were 39 Traffic Offences.",SELECT number_of_population FROM convicted_penal_population_by_offence_group WHERE year = 2019 AND population_by_main_offence_group = 'Traffic Offences';,"In 2019, there were 39 inmates convicted for 'Traffic Offences'.","SELECT number_of_population
FROM convicted_penal_population_by_offence_group
WHERE year = 2019 AND population_by_main_offence_group = 'Traffic Offences'
ORDER BY number_of_population DESC;","In 2019, how many inmates were convicted for 'Traffic Offences'?","[""[('39',)]""]","In 2019, there were 39 inmates convicted for 'Traffic Offences'.","In 2019, there were 39 Traffic Offences.",0.9900851095272426,0.0,0.9999999999,1.0,1.0,0
"In the 2006-2020 data, what was the inmate population for the '51-60' age group in 2013?","In 2013, there were 2,170 inmates in the '51‚Äì60' age group.",SELECT number_of_population FROM convicted_penal_population_by_age_group_2006_2020 WHERE year = 2013 AND population_by_age_group = '51-60';,"In 2013, the inmate population for the '51-60' age group was 2170.","SELECT number_of_population
FROM convicted_penal_population_by_age_group_2006_2020
WHERE year = 2013 AND population_by_age_group = '51-60'","In the 2006-2020 data, what was the inmate population for the '51-60' age group in 2013?","['[(2170,)]']","In 2013, the inmate population for the '51-60' age group was 2170.","In 2013, there were 2,170 inmates in the '51‚Äì60' age group.",0.9782191249951738,0.0,0.9999999999,1.0,1.0,1
"From the '2020-onwards' file, how many inmates were in the '50-59' age group in 2022?","In 2022, there were 1,155 inmates in the '50‚Äì59' age group.",SELECT number_of_population FROM convicted_penal_population_by_age_group_2020_onwards WHERE year = 2022 AND population_by_age_group = '50-59';,"In 2022, there were 1,155 inmates in the '50-59' age group according to the data from the '2020-onwards' file.","SELECT number_of_population
FROM convicted_penal_population_by_age_group_2020_onwards
WHERE year = 2022 AND population_by_age_group = '50-59'","From the '2020-onwards' file, how many inmates were in the '50-59' age group in 2022?","['[(1155,)]']","In 2022, there were 1,155 inmates in the '50-59' age group according to the data from the '2020-onwards' file.","In 2022, there were 1,155 inmates in the '50‚Äì59' age group.",,0.0,0.9999999999,1.0,1.0,1
How many male inmates were convicted for 'Immigration Offences' in 2013?,"In 2013, 154 male inmates were convicted for Immigration Offences.",SELECT number_of_population FROM convicted_penal_population_by_gender_and_offence_group WHERE year = 2013 AND population_by_gender = 'Male' AND population_by_main_offence_group = 'Immigration Offences';,"In 2013, a total of 154 male inmates were convicted for 'Immigration Offences'.","SELECT number_of_population
FROM convicted_penal_population_by_gender_and_offence_group
WHERE year = 2013
AND population_by_gender = 'Male'
AND population_by_main_offence_group = 'Immigration Offences';",How many male inmates were convicted for 'Immigration Offences' in 2013?,"['[(154,)]']","In 2013, a total of 154 male inmates were convicted for 'Immigration Offences'.","In 2013, 154 male inmates were convicted for Immigration Offences.",0.9998200985629643,0.0,0.9999999999,1.0,1.0,1
How many female inmates were convicted for 'Drug Offences' in 2012?,"In 2012, 485 female inmates were convicted for Drug Offences.",SELECT number_of_population FROM convicted_penal_population_by_gender_and_offence_group WHERE year = 2012 AND population_by_gender = 'Female' AND population_by_main_offence_group = 'Drug Offences';,"In 2012, there were 485 female inmates convicted for drug offences.","SELECT number_of_population
FROM convicted_penal_population_by_gender_and_offence_group
WHERE year = 2012
AND population_by_gender = 'Female'
AND population_by_main_offence_group = 'Drug Offences';",How many female inmates were convicted for 'Drug Offences' in 2012?,"['[(485,)]']","In 2012, there were 485 female inmates convicted for drug offences.","In 2012, 485 female inmates were convicted for Drug Offences.",,0.0,0.9999999999,1.0,1.0,1
"In 2017, how many inmates aged '21-30 yrs' were convicted for 'Property Crimes'?","In 2017, 180 inmates aged '21‚Äì30 yrs' were convicted for Property Crimes.",SELECT number_of_population FROM convicted_penal_population_by_age_group_and_offence_group_2006_2020 WHERE year = 2017 AND population_by_age_group = '21-30 yrs' AND population_by_main_offence_group = 'Property Crimes';,There were no specific results found for the number of inmates aged 21-30 years convicted for property crimes in 2017 in the database queried.,"SELECT number_of_population
FROM convicted_penal_population_by_age_group_and_offence_group_2020_onwards
WHERE year = 2017
AND population_by_age_group = '21-30 yrs'
AND population_by_main_offence_group = 'Property Crimes';","In 2017, how many inmates aged '21-30 yrs' were convicted for 'Property Crimes'?",['[]'],There were no specific results found for the number of inmates aged 21-30 years convicted for property crimes in 2017 in the database queried.,"In 2017, 180 inmates aged '21‚Äì30 yrs' were convicted for Property Crimes.",,0.0,0.0,0.0,,0
How many inmates aged '60 and above' were convicted for 'Crimes Against Person' in 2018?,"In 2018, 63 inmates aged 60 and above were convicted for Crimes Against Person.",SELECT number_of_population FROM convicted_penal_population_by_age_group_and_offence_group_2006_2020 WHERE year = 2018 AND population_by_age_group = '60 and above' AND population_by_main_offence_group = 'Crimes Against Person';,"In 2018, there were 63 inmates aged 60 and above who were convicted for Crimes Against Person.","SELECT number_of_population
FROM convicted_penal_population_by_age_group_and_offence_group_2006_2020
WHERE year = 2018
AND population_by_age_group = '60 and above'
AND population_by_main_offence_group = 'Crimes Against Person';",How many inmates aged '60 and above' were convicted for 'Crimes Against Person' in 2018?,"['[(63,)]']","In 2018, there were 63 inmates aged 60 and above who were convicted for Crimes Against Person.","In 2018, 63 inmates aged 60 and above were convicted for Crimes Against Person.",,0.0,0.9999999999,1.0,1.0,1
"In 2021, how many '30-39' year-olds were convicted for 'Customs Offences'?","In 2021, 78 inmates aged 30‚Äì39 were convicted for Customs Offences.",SELECT number_of_population FROM convicted_penal_population_by_age_group_and_offence_group_2020_onwards WHERE year = 2021 AND population_by_age_group = '30-39' AND population_by_main_offence_group = 'Customs Offences';,"In 2021, a total of 78 individuals between the ages of 30-39 were convicted for Customs Offences.","SELECT number_of_population
FROM convicted_penal_population_by_age_group_and_offence_group_2020_onwards
WHERE year = 2021
AND population_by_age_group = '30-39'
AND population_by_main_offence_group = 'Customs Offences';","In 2021, how many '30-39' year-olds were convicted for 'Customs Offences'?","['[(78,)]']","In 2021, a total of 78 individuals between the ages of 30-39 were convicted for Customs Offences.","In 2021, 78 inmates aged 30‚Äì39 were convicted for Customs Offences.",0.9740444968151988,0.0,0.9999999999,1.0,1.0,1
What was the number of '19 & below' inmates for 'Crimes Against Public Order' in 2020?,"In 2020, there were 16 inmates aged 19 & below convicted for Crimes Against Public Order.",SELECT number_of_population FROM convicted_penal_population_by_age_group_and_offence_group_2020_onwards WHERE year = 2020 AND population_by_age_group = '19 & below' AND population_by_main_offence_group = 'Crimes Against Public Order';,"In 2020, there were 16 inmates aged 19 and below who were convicted for Crimes Against Public Order.","SELECT number_of_population
FROM convicted_penal_population_by_age_group_and_offence_group_2020_onwards
WHERE year = 2020
AND population_by_age_group = '19 & below'
AND population_by_main_offence_group = 'Crimes Against Public Order';",What was the number of '19 & below' inmates for 'Crimes Against Public Order' in 2020?,"['[(16,)]']","In 2020, there were 16 inmates aged 19 and below who were convicted for Crimes Against Public Order.","In 2020, there were 16 inmates aged 19 & below convicted for Crimes Against Public Order.",0.9668521544093122,0.0,0.9999999999,1.0,1.0,1
In what year did the male penal population first drop below 8000?,"It first dropped below 8,000 in 2018 (7,892).",SELECT year FROM convicted_penal_population_by_gender WHERE population_by_gender = 'Male' AND number_of_population < 8000 ORDER BY year ASC LIMIT 1;,"The male penal population first dropped below 8000 in the year 2018, with a total of 7892 individuals.","SELECT year, number_of_population
FROM convicted_penal_population_by_gender
WHERE population_by_gender = 'Male' AND number_of_population < 8000
ORDER BY year
LIMIT 1;",In what year did the male penal population first drop below 8000?,"['[(2018, 7892)]']","The male penal population first dropped below 8000 in the year 2018, with a total of 7892 individuals.","It first dropped below 8,000 in 2018 (7,892).",0.996751828054156,0.5,0.9999999999,1.0,1.0,0
What was the lowest number of inmates with 'Pre University' education between 2006-2022?,The lowest was 123 in 2011.,SELECT MIN(number_of_population) FROM convicted_penal_population_by_education_level WHERE population_by_education_level = 'Pre-University';,The lowest number of inmates with 'Pre University' education between 2006-2022 was 123.,"SELECT MIN(number_of_population) 
FROM convicted_penal_population_by_education_level 
WHERE population_by_education_level = 'Pre University';",What was the lowest number of inmates with 'Pre University' education between 2006-2022?,"['[(123,)]']",The lowest number of inmates with 'Pre University' education between 2006-2022 was 123.,The lowest was 123 in 2011.,0.9993896063803889,0.0,0.0,0.0,,0
Which offence group had the lowest number of convictions in 2021?,"In 2021, Immigration Offences had the lowest count (24).",SELECT population_by_main_offence_group FROM convicted_penal_population_by_offence_group WHERE year = 2021 ORDER BY number_of_population ASC LIMIT 1;,"The offence group with the lowest number of convictions in 2021 was ""Crimes Under Women's Charter"", with zero convictions.","SELECT population_by_main_offence_group, MIN(number_of_population) AS min_convictions
FROM convicted_penal_population_by_offence_group
WHERE year = 2021",Which offence group had the lowest number of convictions in 2021?,"['[(""Crimes Under Women\'s Charter"", \'0\')]']","The offence group with the lowest number of convictions in 2021 was ""Crimes Under Women's Charter"", with zero convictions.","In 2021, Immigration Offences had the lowest count (24).",0.9999952266738518,0.5,0.0,0.0,1.0,0
"In the 2006-2020 data, when did the '>40-50 yrs' age group peak?","It peaked in 2013 at 3,247 inmates.",SELECT year FROM convicted_penal_population_by_age_group_and_offence_group_2006_2020 WHERE population_by_age_group = '>40-50 yrs' ORDER BY number_of_population DESC LIMIT 1;,"Based on the query results, the '>40-50 yrs' age group did not have a peak in the 2006-2020 data.","SELECT year, number_of_population
FROM convicted_penal_population_by_age_group_2006_2020
WHERE population_by_age_group = '>40-50 yrs'
ORDER BY number_of_population DESC
LIMIT 1;","In the 2006-2020 data, when did the '>40-50 yrs' age group peak?",['[]'],"Based on the query results, the '>40-50 yrs' age group did not have a peak in the 2006-2020 data.","It peaked in 2013 at 3,247 inmates.",0.9698438370081045,0.0,0.0,0.0,,0
"In 2019, how many more male inmates than female inmates were convicted for 'Property Crimes'?","In 2019, there were 636 more male than female inmates convicted for Property Crimes (749 vs 113).",SELECT (SELECT number_of_population FROM convicted_penal_population_by_gender_and_offence_group WHERE year = 2019 AND population_by_gender = 'Male' AND population_by_main_offence_group = 'Property Crimes') - (SELECT number_of_population FROM convicted_penal_population_by_gender_and_offence_group WHERE year = 2019 AND population_by_gender = 'Female' AND population_by_main_offence_group = 'Property Crimes');,"In 2019, there were 636 more male inmates than female inmates convicted for 'Property Crimes'.","SELECT cp1.number_of_population - cp2.number_of_population AS difference
FROM convicted_penal_population_by_gender_and_offence_group cp1
JOIN convicted_penal_population_by_gender_and_offence_group cp2 ON cp1.year = cp2.year
WHERE cp1.year = 2019 AND cp1.population_by_gender = 'Male' AND cp1.population_by_main_offence_group = 'Property Crimes'
AND cp2.population_by_gender = 'Female' AND cp2.population_by_main_offence_group = 'Property Crimes'","In 2019, how many more male inmates than female inmates were convicted for 'Property Crimes'?","['[(636,)]']","In 2019, there were 636 more male inmates than female inmates convicted for 'Property Crimes'.","In 2019, there were 636 more male than female inmates convicted for Property Crimes (749 vs 113).",0.9892528560862033,0.0,0.0,0.0,1.0,1
What offence had zero cases for females in 2013?,"In 2013, females had zero cases for Traffic Offences.",SELECT population_by_main_offence_group FROM convicted_penal_population_by_gender_and_offence_group WHERE year = 2013 AND population_by_gender = 'Female' AND number_of_population = 0;,"In 2013, there were zero cases of females convicted for Traffic Offences.","SELECT population_by_main_offence_group
FROM convicted_penal_population_by_gender_and_offence_group
WHERE year = 2013 AND population_by_gender = 'Female' AND number_of_population = 0",What offence had zero cases for females in 2013?,"[""[('Traffic Offences',)]""]","In 2013, there were zero cases of females convicted for Traffic Offences.","In 2013, females had zero cases for Traffic Offences.",,0.0,0.9999999999,0.0,1.0,1
How many 'Below 21' inmates had 'Immigration Offences' in 2019?,"In 2019, there were 0 'Below 21' inmates with Immigration Offences.",SELECT number_of_population FROM convicted_penal_population_by_age_group_and_offence_group_2006_2020 WHERE year = 2019 AND population_by_age_group = 'Below 21' AND population_by_main_offence_group = 'Immigration Offences';,"In 2019, there were zero inmates below the age of 21 who were convicted for immigration offenses.","SELECT number_of_population
FROM convicted_penal_population_by_age_group_and_offence_group_2006_2020
WHERE year = 2019
AND population_by_age_group = 'Below 21'
AND population_by_main_offence_group = 'Immigration Offences';",How many 'Below 21' inmates had 'Immigration Offences' in 2019?,"['[(0,)]']","In 2019, there were zero inmates below the age of 21 who were convicted for immigration offenses.","In 2019, there were 0 'Below 21' inmates with Immigration Offences.",,0.0,0.0,0.0,1.0,1
What was the total number of '60-64' year-old inmates in 2022?,"In 2022, there were 370 inmates aged 60‚Äì64.",SELECT number_of_population FROM convicted_penal_population_by_age_group_2020_onwards WHERE year = 2022 AND population_by_age_group = '60-64';,The total number of '60-64' year-old inmates in 2022 was 370.,"SELECT SUM(number_of_population) 
FROM convicted_penal_population_by_age_group_2020_onwards 
WHERE population_by_age_group = '60-64' AND year = 2022;",What was the total number of '60-64' year-old inmates in 2022?,"['[(370,)]']",The total number of '60-64' year-old inmates in 2022 was 370.,"In 2022, there were 370 inmates aged 60‚Äì64.",,0.0,0.9999999999,1.0,1.0,0
"In 2022, what was the total number of inmates aged 70 and above?","In 2022, there were 79 inmates aged 70 and above.",SELECT number_of_population  FROM convicted_penal_population_by_age_group_2020_onwards WHERE year = 2022 AND population_by_age_group = '70-74' AND population_by_age_group = '75 & above';,"In 2022, the total number of inmates aged 70 and above was not available in the database.","SELECT SUM(number_of_population) AS total_inmates_70_and_above
FROM convicted_penal_population_by_age_group_2020_onwards
WHERE year = 2022 AND population_by_age_group = '70 and above';","In 2022, what was the total number of inmates aged 70 and above?","['[(None,)]']","In 2022, the total number of inmates aged 70 and above was not available in the database.","In 2022, there were 79 inmates aged 70 and above.",0.0,0.0,0.0,0.0,,0
How many 'Other Offences' were there for '65 & above' inmates in 2022?,"In 2022, there were 3 'Other Offences' for inmates aged 65 & above.",SELECT number_of_population FROM convicted_penal_population_by_age_group_and_offence_group_2020_onwards WHERE year = 2022 AND population_by_age_group = '65 & above' AND population_by_main_offence_group = 'Other Offences';,"In 2022, there were 3 'Other Offences' committed by inmates aged 65 and above.","SELECT number_of_population
FROM convicted_penal_population_by_age_group_and_offence_group_2020_onwards
WHERE year = 2022
AND population_by_age_group = '65 & above'
AND population_by_main_offence_group = 'Other Offences';",How many 'Other Offences' were there for '65 & above' inmates in 2022?,"['[(3,)]']","In 2022, there were 3 'Other Offences' committed by inmates aged 65 and above.","In 2022, there were 3 'Other Offences' for inmates aged 65 & above.",0.9775444682983206,0.0,0.9999999999,1.0,1.0,1
What was the male population in 2015?,"In 2015, the male inmate population was 8,783.",SELECT number_of_population FROM convicted_penal_population_by_gender WHERE year = 2015 AND population_by_gender = 'Male';,"The male population in 2015 was 8,783.","SELECT number_of_population
FROM convicted_penal_population_by_gender
WHERE year = 2015 AND population_by_gender = 'Male'
ORDER BY number_of_population DESC;",What was the male population in 2015?,"['[(8783,)]']","The male population in 2015 was 8,783.","In 2015, the male inmate population was 8,783.",0.9999999999999999,0.0,0.9999999999,1.0,1.0,0
What was the female population in 2016?,"In 2016, the female inmate population was 879.",SELECT number_of_population FROM convicted_penal_population_by_gender WHERE year = 2016 AND population_by_gender = 'Female';,The female population in 2016 was 879.,"SELECT number_of_population
FROM convicted_penal_population_by_gender
WHERE year = 2016 AND population_by_gender = 'Female'
ORDER BY number_of_population DESC;",What was the female population in 2016?,"['[(879,)]']",The female population in 2016 was 879.,"In 2016, the female inmate population was 879.",,0.0,0.9999999999,1.0,1.0,0
How many inmates had 'Tertiary & Above' education in 2013?,"In 2013, 334 inmates had Tertiary & Above education.",SELECT number_of_population FROM convicted_penal_population_by_education_level WHERE year = 2013 AND population_by_education_level = 'Tertiary & Above';,"In 2013, there were 334 inmates with 'Tertiary & Above' education levels.","SELECT number_of_population
FROM convicted_penal_population_by_education_level
WHERE year = 2013 AND population_by_education_level = 'Tertiary & Above'",How many inmates had 'Tertiary & Above' education in 2013?,"['[(334,)]']","In 2013, there were 334 inmates with 'Tertiary & Above' education levels.","In 2013, 334 inmates had Tertiary & Above education.",,0.0,0.9999999999,1.0,1.0,1
What was the number of 'Crimes Against Person' in 2014?,"In 2014, there were 575 Crimes Against Person.",SELECT number_of_population FROM convicted_penal_population_by_offence_group WHERE year = 2014 AND population_by_main_offence_group = 'Crimes Against Person';,There were 575 cases of 'Crimes Against Person' in 2014.,"SELECT number_of_population
FROM convicted_penal_population_by_offence_group
WHERE year = 2014 AND population_by_main_offence_group = 'Crimes Against Person'
ORDER BY number_of_population DESC;",What was the number of 'Crimes Against Person' in 2014?,"[""[('575',)]""]",There were 575 cases of 'Crimes Against Person' in 2014.,"In 2014, there were 575 Crimes Against Person.",,0.0,0.9999999999,1.0,1.0,0
What was the number of 'Commercial Crimes' in 2012?,"In 2012, there were 742 Commercial Crimes.",SELECT number_of_population FROM convicted_penal_population_by_offence_group WHERE year = 2012 AND population_by_main_offence_group = 'Commercial Crimes';,"In 2012, there were 742 cases of 'Commercial Crimes' reported.","SELECT number_of_population
FROM convicted_penal_population_by_offence_group
WHERE year = 2012 AND population_by_main_offence_group = 'Commercial Crimes'
ORDER BY number_of_population DESC;",What was the number of 'Commercial Crimes' in 2012?,"[""[('742',)]""]","In 2012, there were 742 cases of 'Commercial Crimes' reported.","In 2012, there were 742 Commercial Crimes.",0.9792685010624776,0.0,0.9999999999,1.0,1.0,0
"In 2009, how many inmates were in the '21-30' age group?","In 2009, there were 2,390 inmates aged 21‚Äì30.",SELECT number_of_population FROM convicted_penal_population_by_age_group_2006_2020 WHERE year = 2009 AND population_by_age_group = '21-30';,"In 2009, there were 2390 inmates in the '21-30' age group.","SELECT number_of_population
FROM convicted_penal_population_by_age_group_2006_2020
WHERE year = 2009 AND population_by_age_group = '21-30'
ORDER BY number_of_population DESC;","In 2009, how many inmates were in the '21-30' age group?","['[(2390,)]']","In 2009, there were 2390 inmates in the '21-30' age group.","In 2009, there were 2,390 inmates aged 21‚Äì30.",0.9876679004122447,0.0,0.9999999999,1.0,1.0,0
How many inmates were aged '31-40' in 2011?,"In 2011, there were 2,714 inmates aged 31‚Äì40.",SELECT number_of_population FROM convicted_penal_population_by_age_group_2006_2020 WHERE year = 2011 AND population_by_age_group = '31-40';,"In 2011, there were 2,714 inmates aged between 31-40 years old.","SELECT number_of_population
FROM convicted_penal_population_by_age_group_2006_2020
WHERE year = 2011 AND population_by_age_group = '31-40';",How many inmates were aged '31-40' in 2011?,"['[(2714,)]']","In 2011, there were 2,714 inmates aged between 31-40 years old.","In 2011, there were 2,714 inmates aged 31‚Äì40.",0.9930036294650865,0.0,0.9999999999,1.0,1.0,1
"In 2020, how many '75 & above' inmates were there?","In 2020, there were 11 inmates aged 75 & above.",SELECT number_of_population FROM convicted_penal_population_by_age_group_2020_onwards WHERE year = 2020 AND population_by_age_group = '75 & above';,"In 2020, there were 11 inmates aged 75 and above in the convicted penal population.","SELECT number_of_population
FROM convicted_penal_population_by_age_group_2020_onwards
WHERE year = 2020 AND population_by_age_group = '75 & above';","In 2020, how many '75 & above' inmates were there?","['[(11,)]']","In 2020, there were 11 inmates aged 75 and above in the convicted penal population.","In 2020, there were 11 inmates aged 75 & above.",,0.0,0.9999999999,1.0,1.0,1
"In 2016, how many male inmates were convicted for 'Crimes Against Public Order'?","In 2016, 143 male inmates were convicted for Crimes Against Public Order.",SELECT number_of_population FROM convicted_penal_population_by_gender_and_offence_group WHERE year = 2016 AND population_by_gender = 'Male' AND population_by_main_offence_group = 'Crimes Against Public Order';,"In 2016, there were 143 male inmates convicted for 'Crimes Against Public Order'.","SELECT number_of_population
FROM convicted_penal_population_by_gender_and_offence_group
WHERE year = 2016
AND population_by_gender = 'Male'
AND population_by_main_offence_group = 'Crimes Against Public Order'","In 2016, how many male inmates were convicted for 'Crimes Against Public Order'?","['[(143,)]']","In 2016, there were 143 male inmates convicted for 'Crimes Against Public Order'.","In 2016, 143 male inmates were convicted for Crimes Against Public Order.",,0.0,0.9999999999,1.0,1.0,1
"In 2017, how many female inmates were convicted for 'Property Crimes'?","In 2017, 107 female inmates were convicted for Property Crimes.",SELECT number_of_population FROM convicted_penal_population_by_gender_and_offence_group WHERE year = 2017 AND population_by_gender = 'Female' AND population_by_main_offence_group = 'Property Crimes';,"In 2017, there were 107 female inmates convicted for 'Property Crimes'.","SELECT number_of_population
FROM convicted_penal_population_by_gender_and_offence_group
WHERE year = 2017
AND population_by_gender = 'Female'
AND population_by_main_offence_group = 'Property Crimes';","In 2017, how many female inmates were convicted for 'Property Crimes'?","['[(107,)]']","In 2017, there were 107 female inmates convicted for 'Property Crimes'.","In 2017, 107 female inmates were convicted for Property Crimes.",,0.0,0.9999999999,1.0,1.0,1
"In 2012, how many inmates aged '21-30 yrs' were convicted for 'Commercial Crimes'?","In 2012, 232 inmates aged 21‚Äì30 yrs were convicted for Commercial Crimes.",SELECT number_of_population FROM convicted_penal_population_by_age_group_and_offence_group_2006_2020 WHERE year = 2012 AND population_by_age_group = '21-30 yrs' AND population_by_main_offence_group = 'Commercial Crimes';,There were no inmates aged 21-30 years convicted for Commercial Crimes in 2012 according to the data available.,"SELECT number_of_population
FROM convicted_penal_population_by_age_group_and_offence_group_2020_onwards
WHERE year = 2012
AND population_by_age_group = '21-30 yrs'
AND population_by_main_offence_group = 'Commercial Crimes';","In 2012, how many inmates aged '21-30 yrs' were convicted for 'Commercial Crimes'?",['[]'],There were no inmates aged 21-30 years convicted for Commercial Crimes in 2012 according to the data available.,"In 2012, 232 inmates aged 21‚Äì30 yrs were convicted for Commercial Crimes.",0.9697531105369736,0.0,0.0,0.0,,0
How many '60 and above' inmates had 'Customs Offences' in 2012?,"In 2012, 11 inmates aged 60 and above had Customs Offences.",SELECT number_of_population FROM convicted_penal_population_by_age_group_and_offence_group_2006_2020 WHERE year = 2012 AND population_by_age_group = '60 and above' AND population_by_main_offence_group = 'Customs Offences';,"In 2012, there were 11 inmates aged 60 and above who were convicted for Customs Offences.","SELECT number_of_population
FROM convicted_penal_population_by_age_group_and_offence_group_2006_2020
WHERE year = 2012
AND population_by_age_group = '60 and above'
AND population_by_main_offence_group = 'Customs Offences';",How many '60 and above' inmates had 'Customs Offences' in 2012?,"['[(11,)]']","In 2012, there were 11 inmates aged 60 and above who were convicted for Customs Offences.","In 2012, 11 inmates aged 60 and above had Customs Offences.",0.9712920853650191,0.0,0.9999999999,1.0,1.0,1
"In 2020, how many inmates aged '40-49' were convicted for 'Property Crimes'?","In 2020, 153 inmates aged 40‚Äì49 were convicted for Property Crimes.",SELECT number_of_population FROM convicted_penal_population_by_age_group_and_offence_group_2020_onwards WHERE year = 2020 AND population_by_age_group = '40-49' AND population_by_main_offence_group = 'Property Crimes';,"In 2020, there were 153 inmates aged '40-49' who were convicted for 'Property Crimes'.","SELECT number_of_population
FROM convicted_penal_population_by_age_group_and_offence_group_2020_onwards
WHERE year = 2020
AND population_by_age_group = '40-49'
AND population_by_main_offence_group = 'Property Crimes';","In 2020, how many inmates aged '40-49' were convicted for 'Property Crimes'?","['[(153,)]']","In 2020, there were 153 inmates aged '40-49' who were convicted for 'Property Crimes'.","In 2020, 153 inmates aged 40‚Äì49 were convicted for Property Crimes.",0.9847908521044855,0.0,0.9999999999,1.0,1.0,1
What was the 'Drug Offences' population for the '60-64' age group in 2020?,"In 2020, there were 421 Drug Offences among inmates aged 60‚Äì64.",SELECT number_of_population FROM convicted_penal_population_by_age_group_and_offence_group_2020_onwards WHERE year = 2020 AND population_by_age_group = '60-64' AND population_by_main_offence_group = 'Drug Offences';,The 'Drug Offences' population for the '60-64' age group in 2020 was 421.,"SELECT number_of_population
FROM convicted_penal_population_by_age_group_and_offence_group_2020_onwards
WHERE year = 2020
AND population_by_age_group = '60-64'
AND population_by_main_offence_group = 'Drug Offences';",What was the 'Drug Offences' population for the '60-64' age group in 2020?,"['[(421,)]']",The 'Drug Offences' population for the '60-64' age group in 2020 was 421.,"In 2020, there were 421 Drug Offences among inmates aged 60‚Äì64.",,0.0,0.9999999999,1.0,1.0,1
What year had the highest female penal population?,The female penal population was highest in 2010 (998).,SELECT year FROM convicted_penal_population_by_gender WHERE population_by_gender = 'Female' ORDER BY number_of_population DESC LIMIT 1;,"The year with the highest female penal population was 2006, with a total of 1329 female individuals in the penal system.","SELECT year, number_of_population
FROM convicted_penal_population_by_gender
WHERE population_by_gender = 'Female'
ORDER BY number_of_population DESC
LIMIT 1;",What year had the highest female penal population?,"['[(2006, 1329)]']","The year with the highest female penal population was 2006, with a total of 1329 female individuals in the penal system.",The female penal population was highest in 2010 (998).,,1.0,0.0,0.0,1.0,0
"Across all years, which education level consistently had the highest population?","Across all years, Secondary education consistently had the highest population.",SELECT * FROM convicted_penal_population_by_education_level;,"Across all years, the education level that consistently had the highest population among convicted penal populations was Secondary education. This level had a total population of 75,407, followed by Primary education with 58,950 individuals. Other education levels such as Vocational, Tertiary & Above, Pre University, and No Education had lower populations in comparison.","SELECT population_by_education_level, SUM(number_of_population) AS total_population
FROM convicted_penal_population_by_education_level
GROUP BY population_by_education_level
ORDER BY total_population DESC","Across all years, which education level consistently had the highest population?","[""[('Secondary', 75407), ('Primary', 58950), ('Vocational', 11221), ('Tertiary & Above', 5446), ('Pre University', 3379), ('No Education', 2875)]""]","Across all years, the education level that consistently had the highest population among convicted penal populations was Secondary education. This level had a total population of 75,407, followed by Primary education with 58,950 individuals. Other education levels such as Vocational, Tertiary & Above, Pre University, and No Education had lower populations in comparison.","Across all years, Secondary education consistently had the highest population.",,0.75,0.9999999999,1.0,0.018518518518518517,0
Which offence had zero cases for 'Crimes Under Women's Charter' starting from 2019?,"From 2019 onwards, Crimes Under Women's Charter had zero cases.",SELECT * FROM convicted_penal_population_by_offence_group WHERE year >= 2019 AND number_of_population = 0;,There were no reported cases of offences under the Women's Charter with zero cases starting from 2019 according to the data.,"SELECT year, population_by_main_offence_group
FROM convicted_penal_population_by_age_group_and_offence_group_2020_onwards
WHERE population_by_main_offence_group = 'Crimes Under Women''s Charter' AND number_of_population = 0 AND year >= 2019
ORDER BY year;",Which offence had zero cases for 'Crimes Under Women's Charter' starting from 2019?,['[]'],There were no reported cases of offences under the Women's Charter with zero cases starting from 2019 according to the data.,"From 2019 onwards, Crimes Under Women's Charter had zero cases.",0.9123472329775111,0.0,0.0,0.0,,0
What was the first year the 'Below 21' population dropped under 400?,It first dropped under 400 in 2012 (344).,SELECT year FROM convicted_penal_population_by_age_group_2006_2020 WHERE population_by_age_group = 'Below 21' AND number_of_population < 400 ORDER BY year ASC LIMIT 1;,"The first year the 'Below 21' population dropped under 400 was in 2012, with a total of 344 individuals in that age group.","SELECT year, number_of_population
FROM convicted_penal_population_by_age_group_2006_2020
WHERE population_by_age_group = 'Below 21' AND number_of_population < 400
ORDER BY year
LIMIT 1;",What was the first year the 'Below 21' population dropped under 400?,"['[(2012, 344)]']","The first year the 'Below 21' population dropped under 400 was in 2012, with a total of 344 individuals in that age group.",It first dropped under 400 in 2012 (344).,0.9879232023037838,0.5,0.9999999999,1.0,1.0,0
"In 2021, what was the total number of inmates?","In 2021, the total inmate population was 5,945 (5,374 male + 571 female).",SELECT SUM(number_of_population) FROM convicted_penal_population_by_gender WHERE year = 2021;,"In 2021, the total number of inmates was 5945.","SELECT SUM(number_of_population) AS total_inmates
FROM convicted_penal_population_by_age_group_2020_onwards
WHERE year = 2021;","In 2021, what was the total number of inmates?","['[(5945,)]']","In 2021, the total number of inmates was 5945.","In 2021, the total inmate population was 5,945 (5,374 male + 571 female).",0.9877173855586138,0.0,0.0,1.0,1.0,0
"In 2022, what was the total population for 'Drug Offences' across both genders?","In 2022, there were 2,867 Drug Offences across both genders (2,615 male + 252 female).",SELECT SUM(number_of_population) FROM convicted_penal_population_by_gender_and_offence_group WHERE year = 2022 AND population_by_main_offence_group = 'Drug Offences';,"In 2022, the total population for 'Drug Offences' across both genders was 2,867.","SELECT SUM(number_of_population) AS total_population
FROM convicted_penal_population_by_gender_and_offence_group
WHERE year = 2022 AND population_by_main_offence_group = 'Drug Offences';","In 2022, what was the total population for 'Drug Offences' across both genders?","['[(2867,)]']","In 2022, the total population for 'Drug Offences' across both genders was 2,867.","In 2022, there were 2,867 Drug Offences across both genders (2,615 male + 252 female).",0.9921957625620025,0.0,0.9999999999,1.0,1.0,1
"In 2020, how many 'Below 21' inmates were convicted of 'Drug Offences'?","In 2020, 73 inmates 'Below 21' were convicted of Drug Offences.",SELECT number_of_population FROM convicted_penal_population_by_age_group_and_offence_group_2006_2020 WHERE year = 2020 AND population_by_age_group = 'Below 21' AND population_by_main_offence_group = 'Drug Offences';,There were no 'Below 21' inmates convicted of 'Drug Offences' in 2020 according to the data available.,"SELECT number_of_population
FROM convicted_penal_population_by_age_group_and_offence_group_2020_onwards
WHERE year = 2020
AND population_by_age_group = 'Below 21'
AND population_by_main_offence_group = 'Drug Offences';","In 2020, how many 'Below 21' inmates were convicted of 'Drug Offences'?",['[]'],There were no 'Below 21' inmates convicted of 'Drug Offences' in 2020 according to the data available.,"In 2020, 73 inmates 'Below 21' were convicted of Drug Offences.",,0.0,0.0,0.0,,0
"In the 'onwards' file for 2020, how many '19 & below' inmates had 'Drug Offences'?","In 2020, 47 inmates aged 19 & below had Drug Offences.",SELECT number_of_population FROM convicted_penal_population_by_age_group_and_offence_group_2020_onwards WHERE year = 2020 AND population_by_age_group = '19 & below' AND population_by_main_offence_group = 'Drug Offences';,"In the 'onwards' file for 2020, there were a total of 47 inmates aged 19 and below who were convicted for Drug Offences.","SELECT number_of_population
FROM convicted_penal_population_by_age_group_and_offence_group_2020_onwards
WHERE population_by_age_group = '19 & below' AND population_by_main_offence_group = 'Drug Offences';","In the 'onwards' file for 2020, how many '19 & below' inmates had 'Drug Offences'?","['[(47,), (186,), (61,)]']","In the 'onwards' file for 2020, there were a total of 47 inmates aged 19 and below who were convicted for Drug Offences.","In 2020, 47 inmates aged 19 & below had Drug Offences.",0.9597521793383154,0.0,0.9999999999,1.0,0.5,0
How many total inmates were there in 2006?,"In 2006, there were 11,272 inmates in total.",SELECT SUM(number_of_population) FROM convicted_penal_population_by_gender WHERE year = 2006;,"In 2006, there were a total of 11,272 inmates in the convicted penal population.","SELECT SUM(number_of_population) AS total_inmates
FROM convicted_penal_population_by_age_group_2006_2020
WHERE year = 2006;",How many total inmates were there in 2006?,"['[(11272,)]']","In 2006, there were a total of 11,272 inmates in the convicted penal population.","In 2006, there were 11,272 inmates in total.",0.9629215591038625,0.0,0.9999999999,1.0,1.0,0
What was the change in population for inmates with 'Vocational' training from 2018 to 2019?,"It increased by 24, from 750 in 2018 to 774 in 2019.","SELECT * FROM convicted_penal_population_by_education_level WHERE year IN (2018, 2019);","Based on the query results, there was no data available for the change in population for inmates with 'Vocational' training from 2018 to 2019 in the convicted penal population dataset.","SELECT cp.year, cp.number_of_population AS population_2018, cp_next.number_of_population AS population_2019
FROM convicted_penal_population_by_age_group_and_offence_group_2020_onwards cp
JOIN convicted_penal_population_by_age_group_and_offence_group_2020_onwards cp_next ON cp.population_by_age_group = cp_next.population_by_age_group
WHERE cp.year = 2018 AND cp_next.year = 2019 AND cp.population_by_main_offence_group = 'Vocational'
ORDER BY population_2018 DESC;",What was the change in population for inmates with 'Vocational' training from 2018 to 2019?,['[]'],"Based on the query results, there was no data available for the change in population for inmates with 'Vocational' training from 2018 to 2019 in the convicted penal population dataset.","It increased by 24, from 750 in 2018 to 774 in 2019.",,0.0,0.0,0.0,,0
"In 2022, how many inmates were convicted for 'Crimes Against Person'?","In 2022, 726 inmates were convicted for Crimes Against Person.",SELECT number_of_population FROM convicted_penal_population_by_offence_group WHERE year = 2022 AND population_by_main_offence_group = 'Crimes Against Person';,"In 2022, a total of 234 inmates were convicted for 'Crimes Against Person'.","SELECT number_of_population
FROM convicted_penal_population_by_age_group_and_offence_group_2020_onwards
WHERE year = 2022 AND population_by_main_offence_group = 'Crimes Against Person'
ORDER BY number_of_population DESC;","In 2022, how many inmates were convicted for 'Crimes Against Person'?","['[(234,), (223,), (185,), (165,), (63,), (62,), (26,)]']","In 2022, a total of 234 inmates were convicted for 'Crimes Against Person'.","In 2022, 726 inmates were convicted for Crimes Against Person.",,0.0,0.0,0.0,,0
What was the population of '31-40' year olds in 2018?,"In 2018, there were 1,856 inmates aged 31‚Äì40.",SELECT number_of_population FROM convicted_penal_population_by_age_group_2006_2020 WHERE year = 2018 AND population_by_age_group = '31-40';,The population of '31-40' year olds in 2018 was 1856.,"SELECT number_of_population
FROM convicted_penal_population_by_age_group_2006_2020
WHERE year = 2018 AND population_by_age_group = '31-40'
ORDER BY number_of_population DESC;",What was the population of '31-40' year olds in 2018?,"['[(1856,)]']",The population of '31-40' year olds in 2018 was 1856.,"In 2018, there were 1,856 inmates aged 31‚Äì40.",,0.0,0.0,0.0,1.0,0
What was the population of '30-39' year olds in 2022?,"In 2022, there were 1,168 inmates aged 30‚Äì39.",SELECT number_of_population FROM convicted_penal_population_by_age_group_2020_onwards WHERE year = 2022 AND population_by_age_group = '30-39';,The population of '30-39' year olds in 2022 was 1168.,"SELECT number_of_population
FROM convicted_penal_population_by_age_group_2020_onwards
WHERE year = 2022 AND population_by_age_group = '30-39';",What was the population of '30-39' year olds in 2022?,"['[(1168,)]']",The population of '30-39' year olds in 2022 was 1168.,"In 2022, there were 1,168 inmates aged 30‚Äì39.",0.9999984457413897,0.0,0.9999999999,1.0,1.0,1
"In 2021, how many male inmates were convicted for 'Property Crimes'?","In 2021, 561 male inmates were convicted for Property Crimes.",SELECT number_of_population FROM convicted_penal_population_by_gender_and_offence_group WHERE year = 2021 AND population_by_gender = 'Male' AND population_by_main_offence_group = 'Property Crimes';,"In 2021, there were 561 male inmates convicted for 'Property Crimes'.","SELECT number_of_population
FROM convicted_penal_population_by_gender_and_offence_group
WHERE year = 2021 AND population_by_gender = 'Male' AND population_by_main_offence_group = 'Property Crimes';","In 2021, how many male inmates were convicted for 'Property Crimes'?","['[(561,)]']","In 2021, there were 561 male inmates convicted for 'Property Crimes'.","In 2021, 561 male inmates were convicted for Property Crimes.",0.9878857232667811,0.0,0.9999999999,1.0,1.0,1
"In 2015, how many inmates aged '>30-40 yrs' were convicted for 'Drug Offences'?","In 2015, 1,348 inmates aged >30‚Äì40 yrs were convicted for Drug Offences.",SELECT number_of_population FROM convicted_penal_population_by_age_group_and_offence_group_2006_2020 WHERE year = 2015 AND population_by_age_group = '>30-40 yrs' AND population_by_main_offence_group = 'Drug Offences';,"In 2015, there were 1348 inmates aged '>30-40 yrs' who were convicted for 'Drug Offences'.","SELECT number_of_population
FROM convicted_penal_population_by_age_group_and_offence_group_2006_2020
WHERE year = 2015
AND population_by_age_group = '>30-40 yrs'
AND population_by_main_offence_group = 'Drug Offences';","In 2015, how many inmates aged '>30-40 yrs' were convicted for 'Drug Offences'?","['[(1348,)]']","In 2015, there were 1348 inmates aged '>30-40 yrs' who were convicted for 'Drug Offences'.","In 2015, 1,348 inmates aged >30‚Äì40 yrs were convicted for Drug Offences.",0.9750166017907782,0.0,0.9999999999,1.0,1.0,1
"In 2022, how many '50-59' year olds had 'Drug Offences'?","In 2022, 1,739 inmates aged 50‚Äì59 had Drug Offences.",SELECT number_of_population FROM convicted_penal_population_by_age_group_and_offence_group_2020_onwards WHERE year = 2022 AND population_by_age_group = '50-59' AND population_by_main_offence_group = 'Drug Offences';,"In 2022, there were 1,739 individuals aged 50-59 who were convicted of Drug Offences.","SELECT number_of_population
FROM convicted_penal_population_by_age_group_and_offence_group_2020_onwards
WHERE year = 2022
AND population_by_age_group = '50-59'
AND population_by_main_offence_group = 'Drug Offences';","In 2022, how many '50-59' year olds had 'Drug Offences'?","['[(1739,)]']","In 2022, there were 1,739 individuals aged 50-59 who were convicted of Drug Offences.","In 2022, 1,739 inmates aged 50‚Äì59 had Drug Offences.",,0.0,0.9999999999,1.0,1.0,1
"In which year did the total population of male inmates recorded as 9,673?","The total male inmate population of 9,673 was recorded in 2008.",SELECT number_of_population FROM convicted_penal_population_by_gender WHERE year = 2008 AND population_by_gender = 'Male';,"The total population of male inmates was recorded as 9,673 in the year 2008.","SELECT year
FROM convicted_penal_population_by_gender
WHERE number_of_population = 9673 AND population_by_gender = 'Male'","In which year did the total population of male inmates recorded as 9,673?","['[(2008,)]']","The total population of male inmates was recorded as 9,673 in the year 2008.","The total male inmate population of 9,673 was recorded in 2008.",,0.0,0.9999999999,1.0,1.0,0
How many inmates had 'Pre University' education in 2018?,"In 2018, 258 inmates had Pre University education.",SELECT number_of_population FROM convicted_penal_population_by_education_level WHERE year = 2018 AND population_by_education_level = 'Pre-University';,"In 2018, there were 258 inmates who had 'Pre University' education.","SELECT number_of_population
FROM convicted_penal_population_by_education_level
WHERE year = 2018 AND population_by_education_level = 'Pre University'",How many inmates had 'Pre University' education in 2018?,"['[(258,)]']","In 2018, there were 258 inmates who had 'Pre University' education.","In 2018, 258 inmates had Pre University education.",,0.0,0.9999999999,1.0,,0
What was the number of 'Immigration Offences' in 2016?,"In 2016, there were 123 Immigration Offences.",SELECT number_of_population FROM convicted_penal_population_by_offence_group WHERE year = 2016 AND population_by_main_offence_group = 'Immigration Offences';,The number of 'Immigration Offences' in 2016 was 123.,"SELECT number_of_population
FROM convicted_penal_population_by_offence_group
WHERE year = 2016 AND population_by_main_offence_group = 'Immigration Offences'
ORDER BY number_of_population DESC;",What was the number of 'Immigration Offences' in 2016?,"[""[('123',)]""]",The number of 'Immigration Offences' in 2016 was 123.,"In 2016, there were 123 Immigration Offences.",1.000000000000001,0.0,0.9999999999,1.0,1.0,0
How many inmates were aged '41-50' in 2017?,"In 2017, there were 2,555 inmates aged 41‚Äì50.",SELECT number_of_population FROM convicted_penal_population_by_age_group_2006_2020 WHERE year = 2017 AND population_by_age_group = '41-50';,"In 2017, there were 2,555 inmates aged between 41-50 years old.","SELECT number_of_population
FROM convicted_penal_population_by_age_group_2006_2020
WHERE year = 2017 AND population_by_age_group = '41-50'",How many inmates were aged '41-50' in 2017?,"['[(2555,)]']","In 2017, there were 2,555 inmates aged between 41-50 years old.","In 2017, there were 2,555 inmates aged 41‚Äì50.",,0.0,0.9999999999,1.0,1.0,1
How many inmates were aged '40-49' in 2021?,"In 2021, there were 1,298 inmates aged 40‚Äì49.",SELECT number_of_population FROM convicted_penal_population_by_age_group_2020_onwards WHERE year = 2021 AND population_by_age_group = '40-49';,"In 2021, there were 1,298 inmates aged between 40-49.","SELECT number_of_population
FROM convicted_penal_population_by_age_group_2020_onwards
WHERE year = 2021 AND population_by_age_group = '40-49'
ORDER BY number_of_population DESC;",How many inmates were aged '40-49' in 2021?,"['[(1298,)]']","In 2021, there were 1,298 inmates aged between 40-49.","In 2021, there were 1,298 inmates aged 40‚Äì49.",0.9925211177092796,0.0,0.9999999999,1.0,1.0,0
"In 2022, how many female inmates were convicted of 'Immigration Offences'?","In 2022, 14 female inmates were convicted of Immigration Offences.",SELECT number_of_population FROM convicted_penal_population_by_gender_and_offence_group WHERE year = 2022 AND population_by_gender = 'Female' AND population_by_main_offence_group = 'Immigration Offences';,"In 2022, there were 14 female inmates convicted of 'Immigration Offences'.","SELECT number_of_population
FROM convicted_penal_population_by_gender_and_offence_group
WHERE year = 2022
AND population_by_gender = 'Female'
AND population_by_main_offence_group = 'Immigration Offences';","In 2022, how many female inmates were convicted of 'Immigration Offences'?","['[(14,)]']","In 2022, there were 14 female inmates convicted of 'Immigration Offences'.","In 2022, 14 female inmates were convicted of Immigration Offences.",,0.0,0.0,0.0,1.0,1
"In 2019, how many inmates aged '21-30 yrs' were convicted for 'Drug Offences'?","In 2019, 685 inmates aged 21‚Äì30 yrs were convicted for Drug Offences.",SELECT number_of_population FROM convicted_penal_population_by_age_group_and_offence_group_2006_2020 WHERE year = 2019 AND population_by_age_group = '21-30 yrs' AND population_by_main_offence_group = 'Drug Offences';,"In 2019, there were 685 inmates aged 21-30 years who were convicted for drug offenses.","SELECT number_of_population
FROM convicted_penal_population_by_age_group_and_offence_group_2006_2020
WHERE year = 2019
AND population_by_age_group = '21-30 yrs'
AND population_by_main_offence_group = 'Drug Offences';","In 2019, how many inmates aged '21-30 yrs' were convicted for 'Drug Offences'?","['[(685,)]']","In 2019, there were 685 inmates aged 21-30 years who were convicted for drug offenses.","In 2019, 685 inmates aged 21‚Äì30 yrs were convicted for Drug Offences.",0.9696305524970475,0.0,0.9999999999,1.0,1.0,1
"In 2021, how many '20-29' year olds were convicted of 'Drug Offences'?","In 2021, 1,405 inmates aged 20‚Äì29 were convicted of Drug Offences.",SELECT number_of_population FROM convicted_penal_population_by_age_group_and_offence_group_2020_onwards WHERE year = 2021 AND population_by_age_group = '20-29' AND population_by_main_offence_group = 'Drug Offences';,"In 2021, a total of 1405 individuals aged 20-29 were convicted of Drug Offences.","SELECT number_of_population
FROM convicted_penal_population_by_age_group_and_offence_group_2020_onwards
WHERE year = 2021
AND population_by_age_group = '20-29'
AND population_by_main_offence_group = 'Drug Offences';","In 2021, how many '20-29' year olds were convicted of 'Drug Offences'?","['[(1405,)]']","In 2021, a total of 1405 individuals aged 20-29 were convicted of Drug Offences.","In 2021, 1,405 inmates aged 20‚Äì29 were convicted of Drug Offences.",0.9696320722554345,0.0,0.9999999999,1.0,1.0,1
Which year had the lowest number of female inmates?,The lowest number of female inmates was in 2022 (464).,SELECT year FROM convicted_penal_population_by_gender WHERE population_by_gender = 'Female' ORDER BY number_of_population ASC LIMIT 1;,"The year with the lowest number of female inmates was 2022, with a total of 464 female inmates.","SELECT year, number_of_population
FROM convicted_penal_population_by_gender
WHERE population_by_gender = 'Female'
ORDER BY number_of_population
LIMIT 1;",Which year had the lowest number of female inmates?,"['[(2022, 464)]']","The year with the lowest number of female inmates was 2022, with a total of 464 female inmates.",The lowest number of female inmates was in 2022 (464).,0.996671326009182,0.5,0.9999999999,1.0,1.0,0
What was the total number of inmates in 2022?,"In 2022, the total inmate population was 5,038.",SELECT SUM(number_of_population) FROM convicted_penal_population_by_gender WHERE year = 2022;,The total number of inmates in 2022 was 5038.,"SELECT SUM(number_of_population) AS total_inmates
FROM convicted_penal_population_by_age_group_2020_onwards
WHERE year = 2022;",What was the total number of inmates in 2022?,"['[(5038,)]']",The total number of inmates in 2022 was 5038.,"In 2022, the total inmate population was 5,038.",0.9999983617675458,0.0,0.9999999999,1.0,1.0,0
What education level had 258 individuals in 2006?,"In 2006, 258 inmates had Pre University education.",SELECT * FROM convicted_penal_population_by_education_level WHERE year = 2006 AND number_of_population = 258;,"In 2006, out of 258 individuals in the convicted penal population, the majority had a pre-university education level.","SELECT population_by_education_level
FROM convicted_penal_population_by_education_level
WHERE number_of_population = 258 AND year = 2006
ORDER BY population_by_education_level;",What education level had 258 individuals in 2006?,"[""[('Pre University',)]""]","In 2006, out of 258 individuals in the convicted penal population, the majority had a pre-university education level.","In 2006, 258 inmates had Pre University education.",0.9153021074973542,0.0,0.9999999999,1.0,1.0,0
Which offence group had 145 cases in 2019?,"In 2019, Crimes Against Public Order recorded 145 cases.",SELECT * FROM convicted_penal_population_by_offence_group WHERE year = 2019 AND number_of_population = 145;,The offence group that had 145 cases in 2019 was Crimes Against Public Order.,"SELECT population_by_main_offence_group
FROM convicted_penal_population_by_offence_group
WHERE year = 2019 AND number_of_population = 145
ORDER BY population_by_main_offence_group;",Which offence group had 145 cases in 2019?,"[""[('Crimes Against Public Order',)]""]",The offence group that had 145 cases in 2019 was Crimes Against Public Order.,"In 2019, Crimes Against Public Order recorded 145 cases.",0.9958115583379992,0.0,0.9999999999,1.0,1.0,0
"In 2019, which age group had 1,347 individuals?","In 2019, the 21‚Äì30 age group had 1,347 individuals.",SELECT population_by_age_group FROM convicted_penal_population_by_age_group_2006_2020 WHERE year = 2019 AND number_of_population = 1347;,"In 2019, the age group of 21-30 had 1,347 individuals in the convicted penal population.","SELECT population_by_age_group
FROM convicted_penal_population_by_age_group_2006_2020
WHERE year = 2019 AND number_of_population = 1347
ORDER BY population_by_age_group;","In 2019, which age group had 1,347 individuals?","[""[('21-30',)]""]","In 2019, the age group of 21-30 had 1,347 individuals in the convicted penal population.","In 2019, the 21‚Äì30 age group had 1,347 individuals.",0.8684119539938994,0.0,0.9999999999,1.0,1.0,0
"Which age group had 1,364 individuals in 2021?","In 2021, the 50‚Äì59 age group had 1,364 individuals.",SELECT population_by_age_group FROM convicted_penal_population_by_age_group_2020_onwards WHERE year = 2021 AND number_of_population = 1364 LIMIT 1;,"The age group of 50-59 had 1,364 individuals in the convicted penal population in 2021.","SELECT population_by_age_group, number_of_population
FROM convicted_penal_population_by_age_group_2020_onwards
WHERE year = 2021 AND number_of_population = 1364
ORDER BY number_of_population DESC;","Which age group had 1,364 individuals in 2021?","[""[('50-59', 1364)]""]","The age group of 50-59 had 1,364 individuals in the convicted penal population in 2021.","In 2021, the 50‚Äì59 age group had 1,364 individuals.",,0.0,0.9999999999,1.0,1.0,0
"In 2019, for which offence did male inmates number 263?","In 2019, male inmates numbered 263 for Customs Offences.",SELECT population_by_main_offence_group FROM convicted_penal_population_by_gender_and_offence_group WHERE year = 2019 AND population_by_gender = 'Male' AND number_of_population = 263;,"In 2019, there were no male inmates who were convicted for an offence where the number reached 263.","SELECT population_by_main_offence_group
FROM convicted_penal_population_by_offence_group
WHERE year = 2019 AND number_of_population = 263
ORDER BY population_by_main_offence_group;","In 2019, for which offence did male inmates number 263?",['[]'],"In 2019, there were no male inmates who were convicted for an offence where the number reached 263.","In 2019, male inmates numbered 263 for Customs Offences.",0.9278309290555726,0.0,0.0,0.0,,0
"In 2020, for which offence did female inmates number 7?","In 2020, female inmates numbered 7 for Immigration Offences and Other Offences.",SELECT population_by_main_offence_group FROM convicted_penal_population_by_gender_and_offence_group WHERE year = 2020 AND population_by_gender = 'Female' AND number_of_population = 7 LIMIT 1;,"In 2020, female inmates numbered 7 for an offence that is not specified in the data.","SELECT population_by_main_offence_group
FROM convicted_penal_population_by_age_group_and_offence_group_2020_onwards
WHERE year = 2020 AND number_of_population = 7 AND population_by_age_group = 'Female'
ORDER BY population_by_main_offence_group;","In 2020, for which offence did female inmates number 7?",['[]'],"In 2020, female inmates numbered 7 for an offence that is not specified in the data.","In 2020, female inmates numbered 7 for Immigration Offences and Other Offences.",0.0,0.0,0.0,0.0,,0
How many inmates aged '>40-50 yrs' were convicted for 'Other Offences' in 2015?,"In 2015, 69 inmates aged >40‚Äì50 yrs were convicted for Other Offences.",SELECT number_of_population FROM convicted_penal_population_by_age_group_and_offence_group_2006_2020 WHERE year = 2015 AND population_by_age_group = '>40-50 yrs' AND population_by_main_offence_group = 'Other Offences';,"In 2015, there were 69 inmates aged between 40-50 years who were convicted for 'Other Offences'.","SELECT number_of_population
FROM convicted_penal_population_by_age_group_and_offence_group_2006_2020
WHERE year = 2015
AND population_by_age_group = '>40-50 yrs'
AND population_by_main_offence_group = 'Other Offences';",How many inmates aged '>40-50 yrs' were convicted for 'Other Offences' in 2015?,"['[(69,)]']","In 2015, there were 69 inmates aged between 40-50 years who were convicted for 'Other Offences'.","In 2015, 69 inmates aged >40‚Äì50 yrs were convicted for Other Offences.",0.9923613963846094,0.0,0.9999999999,1.0,1.0,1
How many inmates aged '>50-60 yrs' had 'Property Crimes' in 2020?,"In 2020, 132 inmates aged >50‚Äì60 yrs had Property Crimes.",SELECT number_of_population FROM convicted_penal_population_by_age_group_and_offence_group_2006_2020 WHERE year = 2020 AND population_by_age_group = '>50-60 yrs' AND population_by_main_offence_group = 'Property Crimes';,There were no inmates aged '>50-60 yrs' who had 'Property Crimes' in 2020 according to the query results.,"SELECT number_of_population
FROM convicted_penal_population_by_age_group_and_offence_group_2020_onwards
WHERE year = 2020
AND population_by_age_group = '>50-60 yrs'
AND population_by_main_offence_group = 'Property Crimes';",How many inmates aged '>50-60 yrs' had 'Property Crimes' in 2020?,['[]'],There were no inmates aged '>50-60 yrs' who had 'Property Crimes' in 2020 according to the query results.,"In 2020, 132 inmates aged >50‚Äì60 yrs had Property Crimes.",0.9720293045984939,0.0,0.0,0.0,,0
"In 2021, how many '65 & above' inmates were convicted of 'Property Crimes'?","In 2021, 21 inmates aged 65 & above were convicted of Property Crimes.",SELECT number_of_population FROM convicted_penal_population_by_age_group_and_offence_group_2020_onwards WHERE year = 2021 AND population_by_age_group = '65 & above' AND population_by_main_offence_group = 'Property Crimes';,There were no inmates aged 65 and above convicted of property crimes in 2021 according to the data available.,"SELECT cp.year, cp.population_by_age_group, cp.number_of_population, cp.population_by_main_offence_group
FROM convicted_penal_population_by_age_group_and_offence_group_2006_2020 cp
WHERE cp.year = 2021
AND cp.population_by_age_group = '65 & above'
AND cp.population_by_main_offence_group = 'Property Crimes'","In 2021, how many '65 & above' inmates were convicted of 'Property Crimes'?",['[]'],There were no inmates aged 65 and above convicted of property crimes in 2021 according to the data available.,"In 2021, 21 inmates aged 65 & above were convicted of Property Crimes.",0.9382339631821607,0.0,0.0,0.0,,0
How many '30-39' year olds were convicted of 'Traffic Offences' in 2022?,"In 2022, 33 inmates aged 30‚Äì39 were convicted of Traffic Offences.",SELECT number_of_population FROM convicted_penal_population_by_age_group_and_offence_group_2020_onwards WHERE year = 2022 AND population_by_age_group = '30-39' AND population_by_main_offence_group = 'Traffic Offences';,"In 2022, there were 33 individuals aged 30-39 who were convicted of Traffic Offences.","SELECT number_of_population
FROM convicted_penal_population_by_age_group_and_offence_group_2020_onwards
WHERE year = 2022
AND population_by_age_group = '30-39'
AND population_by_main_offence_group = 'Traffic Offences';",How many '30-39' year olds were convicted of 'Traffic Offences' in 2022?,"['[(33,)]']","In 2022, there were 33 individuals aged 30-39 who were convicted of Traffic Offences.","In 2022, 33 inmates aged 30‚Äì39 were convicted of Traffic Offences.",,0.0,0.9999999999,1.0,1.0,1
What was the male population in 2021?,"In 2021, the male inmate population was 5,374.",SELECT number_of_population FROM convicted_penal_population_by_gender WHERE year = 2021 AND population_by_gender = 'Male';,"The male population in 2021 was 5,374.","SELECT number_of_population
FROM convicted_penal_population_by_gender
WHERE year = 2021 AND population_by_gender = 'Male'
ORDER BY number_of_population DESC;",What was the male population in 2021?,"['[(5374,)]']","The male population in 2021 was 5,374.","In 2021, the male inmate population was 5,374.",,0.0,0.9999999999,1.0,1.0,0
How many inmates had a 'Primary' education in 2021?,"In 2021, 1,656 inmates had a Primary education.",SELECT number_of_population FROM convicted_penal_population_by_education_level WHERE year = 2021 AND population_by_education_level = 'Primary';,"In 2021, there were 1,656 inmates who had a 'Primary' education level.","SELECT number_of_population
FROM convicted_penal_population_by_education_level
WHERE year = 2021 AND population_by_education_level = 'Primary'
ORDER BY number_of_population DESC;",How many inmates had a 'Primary' education in 2021?,"['[(1656,)]']","In 2021, there were 1,656 inmates who had a 'Primary' education level.","In 2021, 1,656 inmates had a Primary education.",,0.0,0.9999999999,0.0,1.0,0
What was the number of 'Property Crimes' in 2021?,"In 2021, there were 639 Property Crimes.",SELECT number_of_population FROM convicted_penal_population_by_offence_group WHERE year = 2021 AND population_by_main_offence_group = 'Property Crimes';,The number of 'Property Crimes' in 2021 was 639.,"SELECT number_of_population
FROM convicted_penal_population_by_offence_group
WHERE year = 2021 AND population_by_main_offence_group = 'Property Crimes';",What was the number of 'Property Crimes' in 2021?,"[""[('639',)]""]",The number of 'Property Crimes' in 2021 was 639.,"In 2021, there were 639 Property Crimes.",0.999653412099515,0.0,0.9999999999,1.0,1.0,1
How many inmates were aged '60 Above' in 2014?,"In 2014, there were 418 inmates aged 60 and above.",SELECT number_of_population FROM convicted_penal_population_by_age_group_2006_2020 WHERE year = 2014 AND population_by_age_group = '60 Above';,"In 2014, there were 418 inmates aged '60 Above' in the convicted penal population.","SELECT number_of_population
FROM convicted_penal_population_by_age_group_2006_2020
WHERE year = 2014 AND population_by_age_group = '60 Above'
ORDER BY number_of_population DESC;",How many inmates were aged '60 Above' in 2014?,"['[(418,)]']","In 2014, there were 418 inmates aged '60 Above' in the convicted penal population.","In 2014, there were 418 inmates aged 60 and above.",0.9804932302119685,0.0,0.9999999999,1.0,1.0,0
"In 2014, how many female inmates were convicted for 'Commercial Crimes'?","In 2014, 79 female inmates were convicted for Commercial Crimes.",SELECT number_of_population FROM convicted_penal_population_by_gender_and_offence_group WHERE year = 2014 AND population_by_gender = 'Female' AND population_by_main_offence_group = 'Commercial Crimes';,"In 2014, there were 79 female inmates convicted for 'Commercial Crimes'.","SELECT number_of_population
FROM convicted_penal_population_by_gender_and_offence_group
WHERE year = 2014
AND population_by_gender = 'Female'
AND population_by_main_offence_group = 'Commercial Crimes';","In 2014, how many female inmates were convicted for 'Commercial Crimes'?","['[(79,)]']","In 2014, there were 79 female inmates convicted for 'Commercial Crimes'.","In 2014, 79 female inmates were convicted for Commercial Crimes.",,0.0,0.9999999999,1.0,1.0,1
"In 2014, how many male inmates were convicted for 'Commercial Crimes'?","In 2014, 458 male inmates were convicted for Commercial Crimes.",SELECT number_of_population FROM convicted_penal_population_by_gender_and_offence_group WHERE year = 2014 AND population_by_gender = 'Male' AND population_by_main_offence_group = 'Commercial Crimes';,"In 2014, there were 458 male inmates convicted for 'Commercial Crimes'.","SELECT number_of_population
FROM convicted_penal_population_by_gender_and_offence_group
WHERE year = 2014
AND population_by_gender = 'Male'
AND population_by_main_offence_group = 'Commercial Crimes'","In 2014, how many male inmates were convicted for 'Commercial Crimes'?","['[(458,)]']","In 2014, there were 458 male inmates convicted for 'Commercial Crimes'.","In 2014, 458 male inmates were convicted for Commercial Crimes.",0.9888386822816506,0.0,0.9999999999,1.0,1.0,1
"In 2013, which was the least common offence for inmates aged 'Below 21'?","In 2013, the least common offence among inmates 'Below 21' was Traffic Offences (2).",SELECT number_of_population FROM convicted_penal_population_by_age_group_and_offence_group_2006_2020 WHERE year = 2013 AND population_by_age_group = 'Below 21' ORDER BY number_of_population ASC LIMIT 1;,"In 2013, the least common offence for inmates aged below 21 was traffic offences, with only 2 individuals convicted for this offence.","SELECT population_by_main_offence_group, number_of_population
FROM convicted_penal_population_by_age_group_and_offence_group_2006_2020
WHERE year = 2013 AND population_by_age_group = 'Below 21'
ORDER BY number_of_population ASC
LIMIT 1;","In 2013, which was the least common offence for inmates aged 'Below 21'?","[""[('Traffic Offences', 2)]""]","In 2013, the least common offence for inmates aged below 21 was traffic offences, with only 2 individuals convicted for this offence.","In 2013, the least common offence among inmates 'Below 21' was Traffic Offences (2).",0.9850179573370977,0.0,0.9999999999,1.0,1.0,0
"In 2022, what was the least common offence for inmates aged '19 & below'?","In 2022, the least common offences among inmates aged 19 & below were Customs Offences and Immigration Offences (1 each).",SELECT number_of_population FROM convicted_penal_population_by_age_group_and_offence_group_2020_onwards WHERE year = 2022 AND population_by_age_group = '19 & below' ORDER BY number_of_population ASC LIMIT 1;,"In 2022, the least common offence for inmates aged 19 and below was Customs Offences, with only 1 inmate being convicted for this offence.","SELECT population_by_main_offence_group, MIN(number_of_population) 
FROM convicted_penal_population_by_age_group_and_offence_group_2020_onwards 
WHERE year = 2022 AND population_by_age_group = '19 & below' 
GROUP BY population_by_main_offence_group
ORDER BY number_of_population ASC
LIMIT 1;","In 2022, what was the least common offence for inmates aged '19 & below'?","[""[('Customs Offences', 1)]""]","In 2022, the least common offence for inmates aged 19 and below was Customs Offences, with only 1 inmate being convicted for this offence.","In 2022, the least common offences among inmates aged 19 & below were Customs Offences and Immigration Offences (1 each).",,0.5,0.0,0.0,1.0,0
What was the total inmate population in 2020 based on the by-gender file?,"In 2020, the total inmate population was 6,934 (6,249 male + 685 female).",SELECT SUM(number_of_population) FROM convicted_penal_population_by_gender WHERE year = 2020;,"The total inmate population in 2020, based on the by-gender file, was 6,934 individuals.","SELECT SUM(number_of_population) AS total_inmate_population_2020
FROM convicted_penal_population_by_gender
WHERE year = 2020;",What was the total inmate population in 2020 based on the by-gender file?,"['[(6934,)]']","The total inmate population in 2020, based on the by-gender file, was 6,934 individuals.","In 2020, the total inmate population was 6,934 (6,249 male + 685 female).",,0.0,0.0,1.0,1.0,1
What was the total inmate population in 2020 based on the 'onwards' by-age-group file?,"In 2020, the total inmate population was 6,934.",SELECT SUM(number_of_population) FROM convicted_penal_population_by_age_group_2020_onwards WHERE year = 2020;,"The total inmate population in 2020, based on the 'onwards' by-age-group file, was 6,934 individuals.","SELECT SUM(number_of_population) AS total_population
FROM convicted_penal_population_by_age_group_2020_onwards
WHERE year = 2020;",What was the total inmate population in 2020 based on the 'onwards' by-age-group file?,"['[(6934,)]']","The total inmate population in 2020, based on the 'onwards' by-age-group file, was 6,934 individuals.","In 2020, the total inmate population was 6,934.",,0.0,0.9999999999,1.0,1.0,1
