question,gt_answer,gt_query,generated_answer,generated_sql,answer_relevancy,faithfulness,context_recall,context_precision,data_compare_score(mode=rows)
"In 2010, what was the number of male inmates?","In 2010, the number of male inmates was 10,156.",SELECT * FROM convicted_penal_population_by_gender WHERE year = 2010 AND gender = Male;,"In 2010, there were a total of 10,156 male inmates in the convicted penal population.","SELECT number_of_population
FROM convicted_penal_population_by_gender
WHERE year = 2010 AND population_by_gender = 'Male'
ORDER BY number_of_population DESC;",,0.0,1.0,0.9999999999,
How many female inmates were there in 2022?,"In 2022, there were 464 female inmates.",SELECT * FROM convicted_penal_population_by_gender WHERE year = 2022 AND gender = Female;,"In 2022, there were 464 female inmates in the convicted penal population.","SELECT number_of_population
FROM convicted_penal_population_by_gender
WHERE year = 2022 AND population_by_gender = 'Female'",,0.0,1.0,0.9999999999,
What was the population of inmates with a Primary education level in 2006?,"In 2006, 4,740 inmates were recorded to have a Primary education level.",SELECT * FROM convicted_penal_population_by_education_level WHERE year = 2006 AND education = Primary;,The population of inmates with a Primary education level in 2006 was 4740.,"SELECT number_of_population
FROM convicted_penal_population_by_education_level
WHERE year = 2006 AND population_by_education_level = 'Primary';",,0.0,1.0,0.9999999999,
